Date,Close/Last,Volume,Open,High,Low
12/05/2025,$331.98,3906656,$266.01,$489.9999,$225.00
12/04/2025,$141.00,6550836,$62.60,$167.55,$59.1588
12/03/2025,$58.49,2887369,$58.19,$69.96,$54.00
12/02/2025,$50.50,6334159,$34.54,$66.1299,$34.01
12/01/2025,$38.99,3333380,$51.03,$52.94,$33.33
11/28/2025,$61.04,22543650,$33.50,$63.88,$29.8906
11/26/2025,$17.40,22826670,$5.94,$17.40,$5.91
11/25/2025,$5.91,268004,$5.26,$5.95,$4.79
11/24/2025,$5.10,345626,$4.39,$5.36,$4.18
11/21/2025,$4.67,6493748,$4.40,$4.75,$3.90
11/20/2025,$4.24,255284,$4.59,$5.99,$4.02
11/19/2025,$5.10,602490,$4.76,$5.23,$3.12
11/18/2025,$5.28,186050,$7.68,$7.68,$5.16
11/17/2025,$8.40,85454,$9.52,$9.76,$8.32
11/14/2025,$11.12,117081,$12.96,$13.472,$10.8824
11/13/2025,$13.44,31039,$12.96,$13.5992,$12.64
11/12/2025,$13.20,77778,$12.08,$14.2392,$11.84
11/11/2025,$12.08,67675,$12.32,$12.56,$11.60
11/10/2025,$12.88,69454,$12.48,$14.24,$12.08
11/07/2025,$13.60,114105,$14.56,$14.80,$12.08
11/06/2025,$15.68,257851,$15.60,$16.08,$14.24
11/05/2025,$16.88,9760779,$16.96,$19.2792,$14.08
11/04/2025,$11.76,350249,$12.72,$13.992,$11.5904
11/03/2025,$14.16,1596033,$15.84,$15.84,$14.00
10/31/2025,$16.16,96303,$17.84,$18.24,$16.00
10/30/2025,$19.44,81135,$22.24,$22.72,$19.2464
10/29/2025,$23.60,283785,$28.80,$30.24,$22.56
10/28/2025,$34.00,117796,$41.76,$41.76,$31.04
10/27/2025,$46.72,46842,$53.68,$53.68,$45.04
10/24/2025,$54.72,45383,$57.68,$59.36,$51.44
10/23/2025,$60.72,45474,$67.52,$69.20,$54.56
10/22/2025,$75.5095,97270,$69.3188,$87.1935,$66.3542
10/21/2025,$68.0196,60309,$100.2725,$104.6322,$65.4997
10/20/2025,$101.1444,9213,$102.0163,$103.6817,$98.5286
10/17/2025,$101.1444,15280,$95.9128,$103.7602,$94.1689
10/16/2025,$96.7847,19756,$106.376,$106.376,$95.9128
10/15/2025,$104.6322,20928,$105.5041,$112.4796,$104.6322
10/14/2025,$105.5041,13654,$108.9918,$111.6076,$105.5041
10/13/2025,$111.6076,18795,$108.9918,$115.9673,$108.1199
10/10/2025,$113.3515,23394,$118.5831,$126.4305,$113.3515
10/09/2025,$117.7112,41757,$118.5831,$128.1744,$115.9673
10/08/2025,$113.3515,22910,$117.7112,$120.0567,$113.3515
10/07/2025,$122.0708,27226,$108.9918,$122.9428,$108.9918
10/06/2025,$107.248,49121,$115.9673,$118.5831,$106.376
10/03/2025,$121.1989,320448,$154.3324,$166.5395,$115.9673
10/02/2025,$140.3815,36658,$126.4305,$143.4332,$122.0708
10/01/2025,$125.5586,17078,$127.3025,$138.6376,$125.5586
09/30/2025,$127.3025,7779,$122.9428,$129.0463,$120.327
09/29/2025,$122.9428,12066,$126.4305,$129.0463,$122.0708
09/26/2025,$128.1744,26682,$143.8692,$147.3569,$126.4305
09/25/2025,$139.5095,31742,$126.4305,$140.3815,$119.455
09/24/2025,$129.0463,6356,$131.6621,$132.5341,$126.4305
09/23/2025,$130.7902,13343,$135.1499,$137.7657,$126.4305
09/22/2025,$131.6621,8053,$127.3025,$132.473,$125.5586
09/19/2025,$127.3025,15253,$137.7657,$140.8174,$127.3025
09/18/2025,$137.7657,34818,$122.0708,$143.8692,$120.327
09/17/2025,$121.1989,7366,$122.9428,$124.6866,$120.327
09/16/2025,$122.0708,12660,$115.9673,$125.5586,$115.9673
09/15/2025,$134.2779,51160,$113.3515,$136.0218,$113.3515
09/12/2025,$117.7112,14339,$119.455,$122.9428,$115.0954
09/11/2025,$120.327,53148,$121.1989,$130.7902,$117.7112
09/10/2025,$115.9673,553835,$130.7902,$163.0518,$115.9673
09/09/2025,$114.2234,13633,$111.6076,$120.327,$111.6076
09/08/2025,$112.4796,21239,$119.455,$122.0708,$110.7357
09/05/2025,$122.9428,40654,$123.8147,$143.8692,$119.455
09/04/2025,$131.6621,470867,$100.2725,$188.3379,$95.9128
09/03/2025,$106.376,45626,$135.1499,$136.8937,$104.6322
09/02/2025,$146.485,42867,$146.485,$149.1008,$132.5341
08/29/2025,$174.3869,650773,$182.6703,$208.3924,$158.6921
08/28/2025,$151.7166,65148,$218.8556,$239.1717,$142.9973
08/27/2025,$314.7684,2382,$338.3106,$344.4142,$305.1858
08/26/2025,$339.1826,2568,$360.109,$378.4196,$331.3352
08/25/2025,$370.5722,9138,$365.3406,$383.6512,$348.7738
08/22/2025,$373.188,994,$349.6458,$374.9319,$335.6948
08/21/2025,$351.3896,1068,$381.0354,$388.8828,$344.4142
08/20/2025,$393.2425,823,$394.1144,$400.218,$382.7793
08/19/2025,$396.7302,1049,$410.6812,$429.6458,$394.9864
08/18/2025,$422.0164,1097,$422.8883,$436.8392,$399.782
08/15/2025,$428.1199,1201,$425.5041,$449.0463,$418.5286
08/14/2025,$434.2234,2723,$435.9673,$477.8202,$428.1286
08/13/2025,$464.7411,5988,$414.1689,$500.4817,$414.1689
08/12/2025,$432.4796,3340,$428.9918,$453.3973,$420.2725
08/11/2025,$431.6076,5905,$541.4714,$572.861,$422.8883
08/08/2025,$567.6294,100520,$428.1199,$729.8093,$409.7831
08/07/2025,$425.5041,3350,$455.1499,$501.3624,$422.8883
08/06/2025,$457.8725,2845,$528.6783,$528.6783,$442.4369
08/05/2025,$528.6783,6836,$707.9967,$714.1002,$510.6732
08/04/2025,$817.8583,2317,$762.9275,$903.3062,$762.9275
08/01/2025,$762.9275,1632,$775.1344,$809.9849,$732.4104
07/31/2025,$860.5822,2955,$1019.2712,$1025.3136,$835.5582
07/30/2025,$1013.1678,3811,$1031.478,$1208.4772,$994.8575
07/29/2025,$1116.9259,9623,$1184.0635,$1208.4772,$903.4283
07/28/2025,$1324.4422,130658,$1739.4748,$2026.3355,$1290.8734
07/25/2025,$1293.9251,132677,$714.1002,$1477.0277,$695.7899
07/24/2025,$683.5831,6428,$689.6865,$714.1002,$646.9625
07/23/2025,$726.307,3316,$793.4446,$793.4446,$708.6681
07/22/2025,$750.7207,12097,$784.2895,$805.5904,$732.4104
07/21/2025,$842.272,3212,$927.7199,$1025.3746,$842.272
07/18/2025,$927.7199,639,$946.0301,$982.6506,$912.2782
07/17/2025,$988.7541,1717,$1019.2712,$1037.5814,$933.8233
07/16/2025,$1104.7191,8089,$878.8925,$1104.7191,$842.272
07/15/2025,$903.3062,44820,$1037.5814,$1153.5464,$903.3062
07/14/2025,$1025.3746,1328,$1422.0969,$1482.6428,$1025.3746
07/11/2025,$1403.7866,1032,$1959.1979,$2074.7356,$1373.2695
07/10/2025,$1898.1637,517,$2545.1262,$2545.1262,$1800.57
07/09/2025,$2484.092,30,$2539.0228,$2593.9536,$2447.4715
07/08/2025,$2551.2296,80,$2752.6425,$2850.2972,$2484.092
07/07/2025,$2709.9186,21,$2746.5391,$2764.8493,$2676.3498
07/03/2025,$2774.0045,15,$2661.0912,$2825.8835,$2642.7809
07/02/2025,$2679.4015,31,$2651.9361,$2719.0737,$2561.3613
07/01/2025,$2593.9536,51,$2539.0228,$2615.3155,$2471.8852
06/30/2025,$2618.3673,40,$2563.4365,$2624.4707,$2429.1612
06/27/2025,$2508.5057,24,$2563.4365,$2612.2638,$2502.4023
06/26/2025,$2569.5399,19,$2557.3331,$2685.5049,$2532.9194
06/25/2025,$2560.3848,37,$2642.7809,$2789.0799,$2535.9711
06/24/2025,$2648.8844,35,$2740.4357,$2858.9641,$2648.8844
06/23/2025,$2758.7459,29,$2703.8151,$2967.4829,$2703.8151
06/20/2025,$2767.9011,104,$2960.1588,$2972.3656,$2624.4707
06/18/2025,$2990.6759,199,$2813.6767,$3222.6059,$2502.4023
06/17/2025,$2831.987,255,$2227.7484,$2838.0904,$2221.6449
06/16/2025,$2197.2313,53,$2337.6099,$2416.9544,$2197.2313
06/13/2025,$2309.7429,33,$2552.4758,$2552.4758,$2289.2205
06/12/2025,$2602.5244,61,$2627.5487,$2815.2307,$2539.9637
06/11/2025,$2802.7186,41,$3027.937,$3031.9409,$2752.67
06/10/2025,$2952.8642,21,$3052.9613,$3074.7324,$2777.6943
06/09/2025,$3052.9613,17,$3103.0099,$3103.0099,$3027.937
06/06/2025,$3052.9613,49,$3303.204,$3365.7647,$2952.8642
06/05/2025,$3328.2283,43,$3178.0827,$3478.3739,$3178.0827
06/04/2025,$3203.1069,27,$3103.0099,$3303.204,$3103.0099
06/03/2025,$3163.0681,22,$3052.9613,$3227.1302,$3027.937
06/02/2025,$3153.0584,8,$3178.0827,$3178.0827,$3052.9613
05/30/2025,$3128.0341,14,$3128.0341,$3128.0341,$3052.9613
05/29/2025,$3077.9856,16,$3128.0341,$3178.0827,$3052.9613
05/28/2025,$3103.0099,25,$3315.7162,$3375.0237,$3027.937
05/27/2025,$3253.1555,17,$3478.3739,$3478.3739,$3228.1312
05/23/2025,$3378.2769,20,$3403.3011,$3453.3497,$3303.204
05/22/2025,$3403.3011,18,$3653.5439,$3653.5439,$3403.3011
05/21/2025,$3553.4468,14,$3478.3739,$3553.4468,$3403.3011
05/20/2025,$3578.471,16,$3528.4225,$3628.5196,$3453.3497
05/19/2025,$3603.4953,15,$3428.3254,$3603.4953,$3378.2769
05/16/2025,$3428.3254,23,$3628.5196,$3628.5196,$3403.3011
05/15/2025,$3403.3011,25,$3560.2033,$3560.2033,$3403.3011
05/14/2025,$3553.4468,16,$3753.6409,$3753.6409,$3478.3739
05/13/2025,$3603.4953,55,$3528.4225,$4003.8837,$3528.4225
05/12/2025,$3528.4225,34,$3978.8594,$4037.4162,$3503.3982
05/09/2025,$3803.6895,18,$3928.8109,$4003.8837,$3803.6895
05/08/2025,$4053.9322,59,$4028.908,$4078.9565,$3853.738
05/07/2025,$4003.8837,18,$4078.9565,$4204.0779,$3903.7866
05/06/2025,$4103.9808,13,$4229.1021,$4254.1264,$4103.9808
05/05/2025,$4154.0293,20,$4504.3691,$4504.3691,$4154.0293
05/02/2025,$4454.3206,19,$4479.3449,$4753.6109,$4304.175
05/01/2025,$4529.3934,32,$4604.4662,$4667.0269,$4429.2963
04/30/2025,$4329.1992,47,$4629.4905,$4754.6119,$4129.005
04/29/2025,$4754.6119,43,$5129.976,$5355.1944,$4604.4662
04/28/2025,$5155.0002,68,$5430.2672,$5577.9105,$4893.7468
04/25/2025,$5230.0731,44,$5530.3643,$5530.3643,$5106.7034
04/24/2025,$5255.0973,113,$4679.5391,$5630.4614,$4604.4662
04/23/2025,$4654.5148,104,$5029.8789,$5180.0245,$4654.5148
04/22/2025,$5054.9031,364,$5305.1459,$6256.0682,$5026.1252
04/21/2025,$5280.1216,427,$5054.9031,$5630.4614,$4654.5148
04/17/2025,$5755.5828,15543,$5405.243,$5755.5828,$4654.5148
04/16/2025,$3653.5439,1652,$3703.5924,$3703.5924,$3353.2526
04/15/2025,$3503.3982,9,$3453.3497,$3553.4468,$3303.204
04/14/2025,$3403.3011,16,$3703.5924,$3703.5924,$3278.1798
04/11/2025,$3278.1798,31,$3403.3011,$3403.5514,$3002.9128
04/10/2025,$3378.2769,47,$3878.7623,$3878.7623,$3353.2526
04/09/2025,$3703.5924,40,$3628.5196,$3953.8351,$3343.2429
04/08/2025,$3403.3011,27,$3878.7623,$4204.0779,$3403.3011
04/07/2025,$3703.5924,11,$3778.6652,$3976.357,$3628.5196
04/04/2025,$3903.7866,13,$4204.0779,$4204.0779,$3703.7175
04/03/2025,$4229.1021,20,$4204.0779,$4429.2963,$4204.0779
04/02/2025,$4204.0779,18,$4154.0293,$4354.2235,$4060.4385
04/01/2025,$4254.1264,22,$4028.908,$4304.175,$3930.5626
03/31/2025,$4028.908,17,$4479.3449,$4480.0956,$3878.7623
03/28/2025,$4329.1992,49,$4629.4905,$4699.5585,$4001.8817
03/27/2025,$4604.4662,30,$5305.1459,$5305.1459,$4584.6971
03/26/2025,$5079.9274,15,$5430.2672,$5652.733,$5029.8789
03/25/2025,$5455.2915,16,$6005.8255,$6005.8255,$5405.243
03/24/2025,$5755.5828,16,$6005.8255,$6011.0806,$5680.51
03/21/2025,$5955.777,18,$6130.9469,$6130.9469,$5655.4857
03/20/2025,$6331.1411,12,$6080.8983,$6331.1411,$5980.8012
03/19/2025,$5955.777,14,$5830.6556,$5988.0583,$5730.5585
03/18/2025,$5905.7284,5,$6030.8498,$6111.428,$5880.7042
03/17/2025,$6155.9712,26,$6105.9226,$6256.0682,$5880.7042
03/14/2025,$5980.8012,22,$6030.8498,$6281.0925,$5630.4614
03/13/2025,$6030.8498,39,$6080.8983,$6381.1896,$5555.3886
03/12/2025,$6206.0197,15,$5855.6799,$6231.044,$5668.4983
03/11/2025,$5805.6313,19,$5728.0561,$6005.8255,$5380.2187
03/10/2025,$5655.4857,13,$5830.6556,$5871.9457,$5355.1944
03/07/2025,$5830.6556,20,$6130.9469,$6406.2139,$5505.3401
03/06/2025,$6155.9712,10,$5930.7527,$6431.2382,$5601.183
03/05/2025,$6206.0197,36,$5755.5828,$6480.536,$5680.51
03/04/2025,$5730.5585,33,$5580.4129,$5980.8012,$5180.0245
03/03/2025,$5630.4614,33,$6005.8255,$6006.0758,$5555.6388
02/28/2025,$5780.6071,62,$6080.8983,$6080.8983,$5655.4857
02/27/2025,$6005.8255,27,$6581.3838,$6581.3838,$5905.9787
02/26/2025,$6381.1896,66,$5955.777,$6929.2212,$5955.777
02/25/2025,$5980.8012,79,$6105.9226,$6268.5804,$5505.3401
02/24/2025,$6206.0197,96,$7507.2819,$7507.2819,$6055.8741
02/21/2025,$7407.1848,82,$8333.0829,$8508.2528,$7407.1848
02/20/2025,$8408.1557,61,$8283.2846,$8558.3014,$8058.0661
02/19/2025,$8045.3038,85,$8933.6655,$8933.6655,$8032.7916
02/18/2025,$8933.6655,190,$7807.5732,$9008.7383,$7783.8001
02/14/2025,$7832.5974,1061,$8833.5684,$9133.8596,$7582.3547
02/13/2025,$7882.646,81,$8032.7916,$8258.0101,$7438.9656
02/12/2025,$7857.6217,51,$7482.2576,$7957.9691,$7407.1848
02/11/2025,$7707.4761,96,$8182.9373,$8458.2043,$7457.2334
02/10/2025,$7832.5974,144,$8308.0586,$8308.0586,$7455.7319
02/07/2025,$8433.18,150,$8508.2528,$8733.221,$7807.5732
02/06/2025,$8458.2043,118,$7507.2819,$9133.8596,$7507.2819
02/05/2025,$7782.5489,119,$8157.913,$8228.7317,$7119.4057
02/04/2025,$7957.7188,206,$8758.4955,$9284.0053,$7507.2819
02/03/2025,$8533.2771,234,$10009.7092,$10157.1022,$8433.18
01/31/2025,$10184.8791,83,$11085.7529,$11210.8743,$10009.7092
01/30/2025,$11235.8986,131,$10660.3403,$11886.5297,$10360.2993
01/29/2025,$10885.5588,106,$10009.7092,$10960.6316,$9759.7167
01/28/2025,$10635.316,126,$10084.782,$10760.4374,$9309.0296
01/27/2025,$10234.9277,186,$11285.9471,$11285.9471,$10034.7335
01/24/2025,$11786.4326,1253,$10034.7335,$16265.7774,$9809.515
01/23/2025,$10335.0247,146,$10685.3646,$10885.5588,$9759.4665
01/22/2025,$11123.2893,98,$11185.85,$11335.9957,$10610.2918
01/21/2025,$11335.9957,196,$12562.185,$12612.2336,$11073.2408
01/17/2025,$13413.0103,307,$14388.957,$14489.0541,$12708.8273
01/16/2025,$14489.0541,264,$13788.3744,$16015.5347,$13265.3671
01/15/2025,$13788.3744,198,$12387.0151,$14114.9412,$10785.4617
01/14/2025,$14063.2278,140,$15689.1994,$15953.0632,$13549.7631
01/13/2025,$18541.7811,231,$19040.9829,$21301.6539,$17871.4244
01/10/2025,$28611.3945,835,$22578.1842,$34230.9804,$22342.8462
01/08/2025,$21408.6257,122,$24168.4985,$24396.705,$21037.7901
01/07/2025,$26807.1365,125,$29952.1079,$30344.3379,$26086.8597
01/06/2025,$33011.5017,117,$32526.5629,$36149.3416,$32084.4127
01/03/2025,$33660.4641,177,$34587.5531,$39073.2379,$29952.1079
01/02/2025,$37796.7076,176,$42553.3875,$42788.7255,$35158.0695
12/31/2024,$42047.0543,475,$45676.9645,$47787.8036,$34494.8442
12/30/2024,$58477.9249,5197,$34223.849,$66179.8955,$30665.2533
12/27/2024,$25216.8222,368,$27099.5262,$28525.817,$23091.6489
12/26/2024,$24696.2261,2414,$24960.0899,$31264.2955,$17864.2929
12/24/2024,$15546.5703,31,$15546.5703,$15817.5655,$14633.7441
12/23/2024,$15689.1994,26,$16395.2133,$16758.9175,$15247.0492
12/20/2024,$16395.2133,55,$15867.4857,$17807.2413,$15018.8427
12/19/2024,$16288.2415,93,$20360.3019,$21929.2218,$13585.4204
12/18/2024,$20267.593,91,$21394.3628,$24960.0899,$20267.593
12/17/2024,$21508.466,82,$19611.4992,$23533.799,$18969.6683
12/16/2024,$21237.4708,190,$16309.6359,$24603.5172,$15546.5703
12/13/2024,$20224.8043,81,$23212.8836,$23526.6676,$19654.2879
12/12/2024,$24033.0008,98,$28026.6152,$28083.6669,$23255.6723
12/11/2024,$28083.6669,708,$25509.2119,$33753.173,$23975.9492
12/10/2024,$24845.9866,174,$25673.2353,$28518.6856,$22185.9542
12/09/2024,$28062.2725,230,$32155.7272,$32155.7272,$27456.0989
12/06/2024,$34944.1259,6290,$37796.7076,$42788.7255,$31378.3987
